topico,n,etiqueta
-1,1501,Sin tema
0,1230,"mejoramiento, construccion, plaza, reposicion"
1,264,"produccion, habitabilidad, navidad, juguetes"
2,194,"ninos, provincial, rio, jose"
3,189,"materiales, material, materiales construccion, proyecto"
4,122,"cursos, educacionales, establecimientos educacionales, chinchorro"
5,110,"seguridad, guardias, proteccion, proteccion personal"
6,102,"alimentacion, break, alojamiento, com"
7,94,"medicamentos, medicos, farmacos, insumos medicos"
8,89,"odontologicos, insumos odontologicos, instrumental, anatomia"
9,81,"insumos clinicos, upla, solicitud, clinicos"
10,80,"transporte, escolar, turismo, disposicion"
11,80,"sol, solucion, solicitud, ecs"
12,77,"software, licencias, renovacion, renovacion licencias"
13,75,"electrico, electrica, electricos, sistema electrico"
14,67,"internet, fija, movil, satelital"
15,60,"bmc, equipos, repuestos, chee"
16,54,"social, fiscal, fiscales, sede social"
17,50,"laboratorio, cen, automotriz, panel"
18,47,"produccion, produccion integral, integral, produccion eventos"
19,45,"led, laser, pantalla, arriendo"
20,44,"protesis, removibles, instrumental, destinado"
21,44,"cultural, produccion, artes, culturales"
22,41,"aire, aire acondicionado, acondicionado, fuera"
23,39,"sistema, tecnico, sistemas, control"
24,38,"farmacia, planta, farmacos, plantas"
25,35,"audiovisual, instrumentos, musica, audiovisuales"
26,34,"municipales, salud solicitud, area salud, solicitud"
27,29,"biobio, zona, carabineros, compatible"
28,28,"televigilancia, sistema, instalacion sistema, instalacion"
29,28,"mantencion preventiva, preventiva, preventiva correctiva, correctiva"
30,25,"agua, agua purificada, purificada, aguas"
31,25,"bombas, infusion, ventanas, combustible"
